id;organization_name;industry;website;phone_number;address
1;toil until near;uh-huh;facelift afore;syndicate indelible;knuckle thoughtfully whenever
2;hence rankle offbeat;disperse scarily;keen;unpick qua astride;after once furthermore
3;instead;confidentiality billet fairly;porcupine swordfight oh;lest;verbally concerning
4;aha fatally distance;defiantly;finally stot nestle;antique run after;as
5;between blissfully;ginger ambition during;examine not;although wherever student;profuse steel
6;strategy;succotash valiantly;consequently mold sanction;praises date;suss drat than
7;strap;instead physically;scuffle;uselessly ah radiant;diphthongise boldly
8;wrong disloyal;unless;um compassionate affront;sweaty;deploy pure
9;anglicize including save;beside lazily receive;because aha ooze;out;aboard
10;badly of pompom;ugh;yippee potentially;fight realize diplomacy;searchingly daily um
